{"Mississippi": 10.132693102023957, "Oklahoma": 9.111531899735652, "Delaware": 5.71454611738972, "Minnesota": 3.908216983291371, "Illinois": 6.107621282070688, "Arkansas": 9.932227155877541, "New Mexico": 9.880239520958083, "Indiana": 7.472645099904852, "Maryland": 4.640088743388212, "Louisiana": 8.322867730282029, "Idaho": 5.69592586116454, "Wyoming": 7.081600831600832, "Tennessee": 8.372343815102571, "Arizona": 7.676637471658591, "Iowa": 5.213294025751505, "Michigan": 6.151693989071038, "Kansas": 6.878617137903781, "Utah": 4.261641318371975, "Virginia": 4.762826718296225, "Oregon": 5.290192290806919, "Connecticut": 3.9520463001240183, "Montana": 6.491312741312742, "California": 5.419395122882443, "Massachusetts": 3.3668020248094788, "West Virginia": 9.836953844638195, "South Carolina": 7.541603762125392, "New Hampshire": 3.934319622825557, "Wisconsin": 5.083307276544423, "Vermont": 5.00815660685155, "Georgia": 7.454981442732119, "North Dakota": 4.96522581213135, "Pennsylvania": 5.6140523518992325, "Florida": 5.890240964403089, "Alaska": 5.66186797752809, "Kentucky": 8.762684707139043, "Hawaii": 4.814016172506738, "Nebraska": 5.266104351720535, "Missouri": 7.010350318471337, "Ohio": 6.8783296407035355, "Alabama": 8.537242098885935, "New York": 4.211531454561445, "South Dakota": 5.983880159570138, "Colorado": 5.172413793103448, "New Jersey": 3.6096994337156962, "Washington": 4.658802280295761, "North Carolina": 6.932837363091548, "District of Columbia": 5.941739404774424, "Texas": 8.888449743099713, "Nevada": 6.898859485234656, "Maine": 5.158292644510946, "Rhode Island": 5.451353598817334}